kernel,case,eval_file,resource_config,region_count,total_A,total_LD,total_ST,max_region_CP,aggregate_cycles,scheduled_cycles,gap_cycles,gap_ratio,P_saturated_cycles,P_longest_saturated_run,P_peak_ready_backlog,L_saturated_cycles,L_longest_saturated_run,L_peak_ready_backlog,S_saturated_cycles,S_longest_saturated_run,S_peak_ready_backlog,region_summary
axpy,default,tests/app/axpy/axpy_eval.md,6x6,1,32,26,16,4,4,5,1,1.2500,0,0,0,2,2,14,1,1,2,"axpy:CP=4,A=32,LD=26,ST=16,agg=4,sched=5"
autocorrelation,default,tests/app/autocorrelation/autocorrelation_eval.md,6x6,1,18064,10834,3664,11,903,906,3,1.0033,299,299,7228,902,902,9574,303,303,15,"autocorrelation:CP=11,A=18064,LD=10834,ST=3664,agg=903,sched=906"
fft_butterfly,default,tests/app/fft_butterfly/fft_butterfly_eval.md,6x6,5,731,292,342,33,74,78,4,1.0541,1,1,0,11,5,37,15,4,15,"copy:CP=2,A=33,LD=49,ST=50,agg=5,sched=6; s=1:CP=8,A=183,LD=65,ST=90,agg=8,sched=10; s=2:CP=11,A=175,LD=61,ST=74,agg=11,sched=12; s=3:CP=17,A=171,LD=59,ST=66,agg=17,sched=17; s=4:CP=33,A=169,LD=58,ST=62,agg=33,sched=33"
conv2d,default,tests/app/conv2d/conv2d_eval.md,6x6,1,74515,13716,6220,17,2070,2173,103,1.0498,2069,2069,34220,1143,648,5928,518,506,3204,"conv2d:CP=17,A=74515,LD=13716,ST=6220,agg=2070,sched=2173"
batchnorm,default,tests/app/batchnorm/batchnorm_eval.md,6x6,1,2645,568,548,10,74,98,24,1.3243,73,73,769,47,47,300,45,45,356,"batchnorm:CP=10,A=2645,LD=568,ST=548,agg=74,sched=98"
bit_reverse,default,tests/app/bit_reverse/bit_reverse_eval.md,6x6,1,49664,25345,25600,132,2134,2134,0,1.0000,7,7,220,2112,2112,1013,2133,2133,244,"bit_reverse:CP=132,A=49664,LD=25345,ST=25600,agg=2134,sched=2134"
bisection_step,default,tests/app/bisection_step/bisection_step_eval.md,6x6,1,384,321,192,4,27,29,2,1.0741,1,1,28,26,26,309,6,6,4,"bisection_step:CP=4,A=384,LD=321,ST=192,agg=27,sched=29"
bitonic_stage,default,tests/app/bitonic_stage/bitonic_stage_eval.md,6x6,1,80,19,12,11,11,11,0,1.0000,0,0,0,0,0,0,0,0,0,"bitonic_stage:CP=11,A=80,LD=19,ST=12,agg=11,sched=11"
bitonic_stage-modified,default,tests/app/bitonic_stage-modified/bitonic_stage-modified_eval.md,6x6,1,133,55,48,31,31,31,0,1.0000,0,0,0,1,1,7,0,0,0,"bitonic_stage-modified:CP=31,A=133,LD=55,ST=48,agg=31,sched=31"
binary_search,default,tests/app/binary_search/binary_search_eval.md,6x6,1,124,69,41,48,48,48,0,1.0000,0,0,0,1,1,0,0,0,0,"binary_search:CP=48,A=124,LD=69,ST=41,agg=48,sched=48"
gather,default,tests/app/gather/gather_eval.md,6x6,1,3072,3074,2048,4,257,258,1,1.0039,42,42,988,256,256,2038,170,170,12,"gather:CP=4,A=3072,LD=3074,ST=2048,agg=257,sched=258"
merge,default,tests/app/merge/merge_eval.md,6x6,1,70,72,45,108,108,112,4,1.0370,0,0,0,0,0,0,0,0,0,"merge:CP=108,A=70,LD=72,ST=45,agg=108,sched=112"
edge_update,default,tests/app/edge_update/edge_update_eval.md,6x6,1,40,38,37,6,6,6,0,1.0000,0,0,0,3,3,22,2,2,10,"edge_update:CP=6,A=40,LD=38,ST=37,agg=6,sched=6"
interpolate_linear,default,tests/app/interpolate_linear/interpolate_linear_eval.md,6x6,1,5699,3523,1216,289,294,297,3,1.0102,1,1,28,293,293,282,34,6,52,"interpolate_linear:CP=289,A=5699,LD=3523,ST=1216,agg=294,sched=297"
bitonic_stage-tweak,default,tests/app/bitonic_stage-tweak/bitonic_stage-tweak_eval.md,6x6,1,92,31,24,17,17,17,0,1.0000,0,0,0,1,1,1,0,0,0,"bitonic_stage-tweak:CP=17,A=92,LD=31,ST=24,agg=17,sched=17"
clz,default,tests/app/clz/clz_eval.md,6x6,1,14122,7445,7445,163,621,623,2,1.0032,204,20,220,620,620,501,620,620,255,"clz:CP=163,A=14122,LD=7445,ST=7445,agg=621,sched=623"
crc32,default,tests/app/crc32/crc32_eval.md,6x6,1,8706,3585,2563,7175,7175,7175,0,1.0000,0,0,0,131,131,1523,114,96,246,"crc32:CP=7175,A=8706,LD=3585,ST=2563,agg=7175,sched=7175"
kmp_table,default,tests/app/kmp_table/kmp_table_eval.md,6x6,1,96,88,50,157,157,157,0,1.0000,0,0,0,2,2,19,0,0,0,"kmp_table:CP=157,A=96,LD=88,ST=50,agg=157,sched=157"
wildcard_match,TC1,tests/app/wildcard_match/wildcard_match_eval.md,6x6,1,111,77,52,203,203,203,0,1.0000,0,0,0,1,1,2,1,1,11,"TC1:CP=203,A=111,LD=77,ST=52,agg=203,sched=203"
wildcard_match,TC2,tests/app/wildcard_match/wildcard_match_eval.md,6x6,1,402,288,230,745,745,745,0,1.0000,0,0,0,5,5,48,9,9,103,"TC2:CP=745,A=402,LD=288,ST=230,agg=745,sched=745"
wildcard_match,TC3,tests/app/wildcard_match/wildcard_match_eval.md,6x6,1,29,21,12,55,55,55,0,1.0000,0,0,0,0,0,0,0,0,0,"TC3:CP=55,A=29,LD=21,ST=12,agg=55,sched=55"
sort_insertion,default,tests/app/sort_insertion/sort_insertion_eval.md,6x6,1,526843,264190,264191,5112,22016,22109,93,1.0042,51,51,1498,21998,21998,1524,21939,21809,416,"sort_insertion:CP=5112,A=526843,LD=264190,ST=264191,agg=22016,sched=22109"
sort_quick,default,tests/app/sort_quick/sort_quick_eval.md,6x6,2,108997,103983,99991,95886,96057,96059,2,1.0000,42,42,988,170,170,2037,170,170,12,"copy:CP=2,A=2048,LD=2049,ST=2049,agg=171,sched=173; sort:CP=95886,A=106949,LD=101934,ST=97942,agg=95886,sched=95886"
